station_id,name,lon,lat,units,n_obs,mean_discharge,max_discharge
409204,MURRAY @ SWAN HILL:Water Course Discharge,143.56418,-35.327634,cumec,365,81.2323698630137,139.471
409214,MURRAY @ PENTAL IS.:Water Course Discharge,143.764787,-35.423564,cumec,365,77.39414246575343,116.687
410036,M/BIDGEE D/S YANCO W:Water Course Discharge,146.4007,-34.6953,cumec,365,51.65681369863014,162.598
410021,M/BIDGEE DARL/GTON P:Water Course Discharge,146.0027,-34.5664,cumec,365,34.610942465753425,160.122
41000281,MBG RV @ CARRATH BR:Water Course Discharge,145.419212,-34.44597,cumec,365,33.73010410958904,121.216
410078,M/BIDGEE @ CARRATHOO:Water Course Discharge,145.4174,-34.4493,cumec,365,33.715216438356165,121.16
410082,M/BIDGEE D/S GOGEL W:Water Course Discharge,146.2562,-34.6151,cumec,365,31.228180821917807,149.919
410136,M/BIDGEE DS HAY WEIR:Water Course Discharge,144.7111,-34.5247,cumec,365,28.619556164383564,117.286
409014,EDWARD R @ MOULAMEIN:Water Course Discharge,144.0331,-35.0899,cumec,294,22.564986394557824,32.876
409035,EDWARD R @ LIEWAH:Water Course Discharge,143.6228,-34.9888,cumec,294,22.227564625850338,32.48
409023,EDWARD R D/S STEVENS:Water Course Discharge,144.758475,-35.434342,cumec,300,21.480266666666665,31.825
410040,M/BIDGEE D/S MAUDE W:Water Course Discharge,144.3009,-34.4776,cumec,365,21.434416438356163,113.666
410041,M/BIDGEE D/S REDBANK:Water Course Discharge,143.7817,-34.3798,cumec,365,18.518326027397258,85.114
410007,YANCO CK @ OFFTAKE:Water Course Discharge,146.4094,-34.7061,cumec,365,6.4182136986301375,14.865
409013,WAKOOL @ STONEY XING:Water Course Discharge,143.5702,-35.0376,cumec,365,6.2914520547945205,11.691
409061,WAKOOL R COONAMIT BR:Water Course Discharge,143.6823,-35.1356,cumec,365,5.191057534246576,10.125
412078,LACHLAN @ WHEALBAH:Water Course Discharge,145.2488,-33.6544,cumec,365,4.455391780821918,42.755
410017,BILLABONG @ CONARGO:Water Course Discharge,145.2091,-35.2859,cumec,365,3.868780821917808,9.182
410014,COLOMBO @ MORUNDAH:Water Course Discharge,146.296,-34.9373,cumec,365,3.646082191780822,5.86
41010810,B'BONG @ WANGANELLA:Water Course Discharge,144.8165,-35.2123,cumec,365,3.4036164383561642,9.063
410134,BILLABONG @ DARLOT:Water Course Discharge,144.4464,-35.0442,cumec,365,3.227682191780822,8.28
409024,COLLIGEN C B/L REGUL:Water Course Discharge,144.711,-35.4469,cumec,365,3.2243945205479454,8.037
409020,YALLAKOOL C@ OFFTAKE:Water Course Discharge,144.7703,-35.4513,cumec,365,3.11958904109589,6.023
410170,B/BONG U/S INNES BDG:Water Course Discharge,145.974548,-35.321968,cumec,365,3.0665397260273974,12.915
41000210,COLOMBO@COONONG WEIR:Water Course Discharge,146.040574,-35.192167,cumec,365,3.0321479452054794,5.451
409062,WAKOOL R GEEGEE BR 2:Water Course Discharge,143.9322,-35.329,cumec,365,2.966052054794521,5.43
410016,BILLABONG JERILDERIE:Water Course Discharge,145.7356,-35.3538,cumec,361,2.839681440443213,11.882
410169,YANCO @ YANCO BRIDGE:Water Course Discharge,145.773123,-35.14839,cumec,365,2.8077369863013693,8.34
412005,LACHLAN @ BOOLIGAL:Water Course Discharge,144.8811,-33.8695,cumec,365,2.6562712328767124,17.961
409048,NIEMUR R BARH-MLN RD:Water Course Discharge,144.1595,-35.2739,cumec,365,2.632016438356165,5.603
409086,NIEMUR @ MALLAN SCH:Water Course Discharge,143.8001,-35.1351,cumec,288,2.3581631944444448,5.09
410015,YANCO CK @ MORUNDAH:Water Course Discharge,146.2675,-34.9452,cumec,365,2.314221917808219,8.262
41000209,YANCO CREEK @ WIRAKI:Water Course Discharge,145.49174,-35.294851,cumec,365,2.159372602739726,6.075
410168,BILLABONG @ HARTWOOD:Water Course Discharge,145.2884,-35.3101,cumec,365,2.154909589041096,6.851
41010970,TOMBULLEN D/S WEIR:Water Course Discharge,146.1371,-34.6461,cumec,365,2.1221068493150685,18.798
412045,LACHLAN @ CORRONG:Water Course Discharge,144.4638,-34.2176,cumec,365,2.0564,9.777
410173,CAIRA CREEK @ OFFTAK:Water Course Discharge,144.3055,-34.5047,cumec,365,1.698038356164384,9.816
412194,LACHLAN @ 4 MILE:Water Course Discharge,144.1987,-34.248,cumec,342,1.6872865497076024,6.966
409036,MERRAN CK U/S WAK R:Water Course Discharge,143.5826,-35.1074,cumec,289,1.5144567474048443,2.742
410175,CAIRA NORTH:Water Course Discharge,144.3033,-34.5029,cumec,365,1.510435616438356,5.446
41000213,YANCO D/S TARABAH WR:Water Course Discharge,146.277109,-34.885934,cumec,365,1.3344794520547947,4.071
409107,ST HELENA DS REGULAT:Water Course Discharge,143.9101,-35.3777,cumec,365,0.6491150684931507,1.287
410191,CCD @ OUTFALL:Water Course Discharge,146.1962,-34.9885,cumec,360,0.5889805555555555,2.98
410110,D C 500 @ OUTFALL:Water Course Discharge,145.5744,-34.8787,cumec,359,0.5842924791086351,3.805
410012,BILLAB/G COCKETGED/G:Water Course Discharge,146.0355,-35.3142,cumec,346,0.44708092485549134,9.361
409098,WADDY CK D/S REGULAR:Water Course Discharge,143.764,-35.3912,cumec,287,0.4064216027874564,1.426
412122,MERRIMAJEEL COBB HWY:Water Course Discharge,144.9208,-33.7411,cumec,365,0.3811095890410959,2.344
410108,D C 800 @ OUTFALL:Water Course Discharge,145.7833,-35.1037,cumec,347,0.23890201729106628,1.883
410060,NIMMING POLLEN OFTKE:Water Course Discharge,144.3044,-34.5029,cumec,365,0.206586301369863,1.582
412124,MUGGABAH @ COBB HWY:Water Course Discharge,144.926,-33.7713,cumec,365,0.1520767123287671,1.104
410148,FOREST WARRISTONWEIR:Water Course Discharge,145.1206,-35.3386,cumec,248,0.1463024193548387,0.761
412177,BUNUMBURT INFLOW:Water Course Discharge,143.937575,-34.232811,cumec,332,0.027093373493975902,0.155
410133,COLEAMBALLY DR BUNDY:Water Course Discharge,144.4564,-35.0341,cumec,365,0.0013013698630136986,0.25
408213,AVOCA R O/F TRESCO:Water Course Discharge,143.680599,-35.472424,cumec,365,0.0,0.0
409021,WAKOOL MAIN CANAL OT:Water Course Discharge,144.7091,-35.4483,cumec,0,,
409071,NIEMUR @ NACURRIE RD:Water Course Discharge,143.9703,-35.2321,cumec,0,,
410002,MURRUMBIDGEE @ HAY:Water Course Discharge,144.8431,-34.5154,cumec,0,,
409096,MERRAN CK @ SH-ML RD:Water Course Discharge,143.6846,-35.2124,cumec,0,,
409022,WAKOOL MAIN CANAL OT:Water Course Discharge,144.7074,-35.4493,cumec,0,,
410055,MAIN DR J DS WBN ESC:Water Course Discharge,145.9487,-34.2621,cumec,0,,
41000257,NTHREDBANK @ OUTFALL:Water Course Discharge,143.654941,-34.514606,cumec,0,,
412154,CUMBUNG SWAMP @ EOS:Water Course Discharge,143.997107,-34.278067,cumec,0,,
41010309,FOREST @ OFFTAKE:Water Course Discharge,145.294,-35.324,cumec,0,,
412152,E OF N/S LEVEE:Water Course Discharge,143.993558,-34.300926,cumec,0,,
412149,LACHLAN RV @ TUPRA:Water Course Discharge,144.1583,-34.2227,cumec,0,,
409095,YARREIN CK @ B/M RD.:Water Course Discharge,144.0624,-35.161,cumec,0,,
409093,MUR/YARR CK@B/M RD.:Water Course Discharge,144.0679,-35.136,cumec,0,,
412129,MERRIMAJEEL @ B/BANL:Water Course Discharge,144.856509,-33.794896,cumec,0,,
409105,YALLAKOOL U/S REG.:Water Course Discharge,144.7709,-35.4503,cumec,0,,
409399,LITTLE MURRAY RIVER:Water Course Discharge,143.619028,-35.408587,cumec,0,,
410162,LITTLE MIRROOL @ U/S:Water Course Discharge,146.1915,-34.4124,cumec,0,,
412150,THE BRAIDS:Water Course Discharge,143.998963,-34.246437,cumec,0,,
409058,BOX CK AT CONARGO RD:Water Course Discharge,145.0624,-35.4013,cumec,0,,
409068,NEIMUR @ NBC SYPHON:Water Course Discharge,144.3263,-35.2735,cumec,0,,
410185,NOWRANIE D/S B/BONG:Water Course Discharge,146.1257,-35.433,cumec,0,,
409097,YARREIN CK @ SH/ML R:Water Course Discharge,143.8513,-35.0818,cumec,0,,
410083,YANCO MAIN STHN DRN:Water Course Discharge,146.3054,-34.6028,cumec,0,,
41000265,MBIDGEE D/S CHASTON:Water Course Discharge,143.645818,-34.540246,cumec,0,,
410150,MAIN DRN J @ YOOGALI:Water Course Discharge,146.083,-34.3019,cumec,0,,
410053,BILLABONG CK @ BUNDY:Water Course Discharge,144.4513,-35.0485,cumec,0,,
410086,GOGELDRIE MAIN S DRN:Water Course Discharge,146.2319,-34.5374,cumec,0,,
410151,DRAINAGE CHANNEL S:Water Course Discharge,146.0547,-34.3071,cumec,0,,
41000264,MBIDGEE U/S WYNBURN:Water Course Discharge,143.678686,-34.505246,cumec,0,,
41000258,NTHREDBANK @ REG:Water Course Discharge,143.782959,-34.374709,cumec,0,,
409073,WAKOOL OUTFALL DRAIN:Water Course Discharge,144.2012,-35.493,cumec,0,,
41000268,MBIDGEE OPP PIGGERY:Water Course Discharge,143.738853,-34.415479,cumec,0,,
41000285,BILLBONG@OLD COREE:Water Course Discharge,145.536092,-35.346672,cumec,0,,
41000267,MBIDGEE U/S BOURPIE:Water Course Discharge,143.60932,-34.638751,cumec,0,,
410129,STURT CANAL OFFTAKE:Water Course Discharge,146.2563,-34.6052,cumec,0,,
410003,M/BIDGEE @ BALRANALD:Water Course Discharge,143.5631,-34.6464,cumec,0,,
409072,WAKOOL R @ DENI RD:Water Course Discharge,144.4535,-35.495,cumec,0,,
41000287,BILLABONG @ TEN MILE:Water Course Discharge,144.191519,-35.036813,cumec,0,,
41000266,MBIDGE U/S GLEN AVON:Water Course Discharge,143.642556,-34.577259,cumec,0,,
409065,P'LINE 3100 @TERMINA:Water Course Discharge,144.1842,-35.3484,cumec,0,,
412026,LACHLAN R @ OXLEY:Water Course Discharge,144.1042,-34.2143,cumec,0,,
412140,MIRROOL CK COBB HWAY:Water Course Discharge,144.8262,-34.0327,cumec,0,,
